Hotspot_ID,Start,Stop,Probability,Selectivity
1,24,66,0.07818,1
2,67,102,0.0666,1
3,103,132,0.0558,1
4,133,177,0.0828,1
5,178,222,0.0828,1
6,223,276,0.099,1
7,277,321,0.08217,1
8,322,360,0.072,1
9,361,417,0.1044,1
10,418,462,0.08226,1
11,463,516,0.099,1
12,517,567,0.0936,1
13,568,618,0.0936,1
14,619,669,0.09417,1
